{"stats":{"minecraft:killed_by":{"minecraft:zombie":2},"minecraft:killed":{"minecraft:bat":1,"minecraft:zombie":4},"minecraft:used":{"minecraft:calcite":72,"minecraft:moss_carpet":4,"minecraft:water_bucket":11,"minecraft:netherite_sword":8,"minecraft:iron_bars":6,"minecraft:brick_wall":6,"minecraft:spruce_door":2,"minecraft:gray_carpet":10,"minecraft:armor_stand":1,"minecraft:glass_bottle":1,"minecraft:polished_andesite":89,"minecraft:red_stained_glass":2,"minecraft:polished_blackstone":96,"minecraft:spruce_slab":3,"minecraft:redstone":45,"minecraft:oak_planks":5,"minecraft:oak_sign":33,"minecraft:light_gray_carpet":6,"minecraft:black_carpet":19,"minecraft:spruce_planks":27,"minecraft:spruce_sign":5,"minecraft:brown_concrete":69,"minecraft:redstone_block":68,"minecraft:zombie_spawn_egg":2,"minecraft:composter":3,"minecraft:white_shulker_box":6,"minecraft:cauldron":2,"minecraft:wooden_shovel":2,"minecraft:quartz_stairs":5,"minecraft:glow_ink_sac":10,"minecraft:cooked_salmon":1,"minecraft:player_head":33,"minecraft:debug_stick":132,"minecraft:smooth_quartz_stairs":18,"minecraft:oak_door":3,"minecraft:spruce_leaves":91,"minecraft:mossy_cobblestone":30,"minecraft:dirt":106,"minecraft:white_carpet":1,"minecraft:light_blue_concrete":2,"minecraft:oak_slab":6,"minecraft:hopper":12,"minecraft:brick_slab":147,"minecraft:spruce_stairs":15,"minecraft:twisting_vines":12,"minecraft:yellow_concrete":3,"minecraft:warped_door":1,"minecraft:campfire":2,"minecraft:gray_concrete":26,"minecraft:weeping_vines":4,"minecraft:mud_brick_stairs":23,"minecraft:light_blue_stained_glass":2,"minecraft:spruce_log":5,"minecraft:brown_terracotta":3,"minecraft:piston":38,"minecraft:redstone_torch":20,"minecraft:purple_stained_glass":19,"minecraft:sticky_piston":15,"minecraft:dark_oak_planks":139,"minecraft:netherite_block":169,"minecraft:wooden_axe":2,"minecraft:lever":30,"minecraft:light":49,"minecraft:sea_lantern":41,"minecraft:black_concrete":134,"minecraft:bricks":1163,"minecraft:yellow_stained_glass":4,"minecraft:command_block":16,"minecraft:quartz_slab":5,"minecraft:grass_block":54,"minecraft:iron_block":128,"minecraft:oak_stairs":7,"minecraft:brick_stairs":252,"minecraft:oak_button":7,"minecraft:stone_button":5,"minecraft:quartz_block":116,"minecraft:lectern":1,"minecraft:iron_door":16,"minecraft:spruce_sapling":174,"minecraft:mud_bricks":1,"minecraft:polished_andesite_slab":139,"minecraft:barrel":23,"minecraft:item_frame":10,"minecraft:repeater":100,"minecraft:cobblestone":42,"minecraft:fire_charge":5,"minecraft:tripwire_hook":9,"minecraft:redstone_lamp":179,"minecraft:potion":2,"minecraft:bow":16,"minecraft:brown_carpet":6,"minecraft:beef":2,"minecraft:scaffolding":18,"minecraft:written_book":54,"minecraft:crimson_door":21,"minecraft:podzol":2,"minecraft:andesite":118,"minecraft:chain_command_block":10,"minecraft:black_candle":7,"minecraft:end_portal_frame":1,"minecraft:oak_boat":1,"minecraft:polished_blackstone_button":114,"minecraft:white_concrete":155,"minecraft:coarse_dirt":62,"minecraft:cobbled_deepslate":1,"minecraft:polished_blackstone_stairs":104,"minecraft:pointed_dripstone":1,"minecraft:brown_mushroom_block":48,"minecraft:bone_meal":45,"minecraft:cobweb":27},"minecraft:custom":{"minecraft:mob_kills":5,"minecraft:inspect_hopper":1,"minecraft:open_barrel":2,"minecraft:leave_game":8,"minecraft:time_since_death":116756,"minecraft:climb_one_cm":215,"minecraft:time_since_rest":116778,"minecraft:sprint_one_cm":704384,"minecraft:damage_taken":340,"minecraft:walk_one_cm":1325471,"minecraft:drop":18,"minecraft:damage_dealt":658,"minecraft:fly_one_cm":1948704,"minecraft:crouch_one_cm":7095,"minecraft:play_time":500882,"minecraft:deaths":8,"minecraft:sneak_time":4490,"minecraft:boat_one_cm":152,"minecraft:interact_with_lectern":2,"minecraft:jump":5656,"minecraft:walk_on_water_one_cm":1318,"minecraft:total_world_time":755786,"minecraft:use_cauldron":3},"minecraft:picked_up":{"minecraft:wooden_axe":1,"minecraft:water_bucket":1,"minecraft:iron_door":7,"minecraft:glow_ink_sac":1,"minecraft:light":1,"minecraft:gray_concrete":1,"minecraft:oak_sign":2,"minecraft:gray_carpet":1,"minecraft:netherite_sword":1,"minecraft:cobweb":1,"minecraft:player_head":1,"minecraft:written_book":1,"minecraft:calcite":1,"minecraft:polished_andesite_slab":1,"minecraft:piston":1,"minecraft:stone_button":3,"minecraft:redstone":5,"minecraft:cauldron":1,"minecraft:zombie_spawn_egg":1,"minecraft:command_block":1,"minecraft:weeping_vines":1,"minecraft:rotten_flesh":4,"minecraft:lever":1,"minecraft:carved_pumpkin":4,"minecraft:white_concrete":1,"minecraft:cobblestone":1},"minecraft:dropped":{"minecraft:water_bucket":1,"minecraft:zombie_spawn_egg":1,"minecraft:piston":1,"minecraft:lever":1,"minecraft:polished_andesite_slab":1,"minecraft:glow_ink_sac":1,"minecraft:cobweb":1,"minecraft:iron_block":1,"minecraft:brick_stairs":1,"minecraft:stone_button":1,"minecraft:andesite":1,"minecraft:carved_pumpkin":2,"minecraft:black_concrete":1,"minecraft:calcite":1,"minecraft:cauldron":1,"minecraft:redstone":2}},"DataVersion":3120}